#,Empresa,Sector,Email,Teléfono,Prioridad,Caso Uso,Contactado,Respuesta,Cierre
1,Soluciones Digitales Ensenada,Marketing / Publicidad,gerente@solucionesdigitalesensenaada.mx,+52 646 XXX XXXX,Alta,Auditoría de seguridad para portafolio de clientes,,,
2,Marketing Pro Ensenada,Marketing / Publicidad,contacto@marketingproensenada.com,+52 646 XXX XXXX,Alta,Verificación previa antes de cambios DNS/SPF,,,
3,Branding Baja California,Marketing / Publicidad,info@brandingbaja.mx,+52 646 XXX XXXX,Media,Auditoria post-desarrollo para entregar con seguridad validada,,,
4,Publicidad Inteligente Ensenada,Marketing / Publicidad,ventas@pubinteligente.mx,+52 646 XXX XXXX,Alta,Auditoría masiva de portafolio de clientes,,,
5,Digital Marketing Solutions,Marketing / Publicidad,contacto@dmsolutions.mx,+52 646 XXX XXXX,Media,Agregar auditoría de dominios a paquete de servicios,,,
6,Propiedades Ensenada,Real Estate,info@propiedadesensesnadad.mx,+52 646 XXX XXXX,Alta,Proteger dominio corporativo de ataques dirigidos,,,
7,Bienes Raíces Puerto Ensenada,Real Estate,contacto@bienesraicespuerto.mx,+52 646 XXX XXXX,Alta,Validar SPF/DMARC para evitar pérdida de leads,,,
8,Inmobiliaria Bahía Ensenada,Real Estate,ventas@bahiaensenaada.mx,+52 646 XXX XXXX,Media,Certificar infraestructura antes de nuevas regulaciones,,,
9,Properti Ensensada,Real Estate,soporte@propertiensensada.mx,+52 646 XXX XXXX,Alta,Cumplimiento de protección de datos (GDPR/LGPD),,,
10,García & Asociados - Contadores,Servicios Financieros,info@garciacontadores.mx,+52 646 XXX XXXX,Crítica,Auditoría de seguridad para cumplimiento fiscal,,,
11,Consultoría Fiscal Ensenada,Servicios Financieros,contacto@consultoriafiscalensensada.mx,+52 646 XXX XXXX,Crítica,Certificar compliance antes de auditoria fiscal,,,
12,Contadores Profesionales BC,Servicios Financieros,ventas@contadoresprobc.mx,+52 646 XXX XXXX,Crítica,Protección de comunicaciones con clientes (confidencialidad),,,
13,Asesoría Tributaria Ensenada,Servicios Financieros,asesor@asesoriatributaria.mx,+52 646 XXX XXXX,Media,Validar dominio profesional para credibilidad cliente,,,
14,Finanzas & Auditoría Ensenada,Servicios Financieros,contacto@finanzasauditoria.mx,+52 646 XXX XXXX,Alta,Certificación de seguridad para clientes auditados,,,
15,Tienda Online Ensenada,Retail Online,info@tiendaonlineensensada.mx,+52 646 XXX XXXX,Alta,Validar seguridad email para recibos y notificaciones,,,
16,E-commerce Pesquero,Exportación / Comercio,ventas@ecommercepesquero.mx,+52 646 XXX XXXX,Alta,Proteger comunicaciones con clientes internacionales,,,
17,Marketplace Baja California,Retail Online,soporte@marketplacebc.mx,+52 646 XXX XXXX,Crítica,Auditoría integral de infraestructura email,,,
18,Distribuidor Online Ensenada,Distribución,contacto@distribuidoronlineensensada.mx,+52 646 XXX XXXX,Media,Separar seguridad de dominios por canal,,,
19,Hotel Boutique Ensenada,Turismo / Hospitalidad,info@hotelboutique.mx,+52 646 XXX XXXX,Alta,Validar seguridad para GDPR y protección de datos,,,
20,Clínica Médica Ensenada,Salud,contacto@clinicamedicaensensada.mx,+52 646 XXX XXXX,Crítica,Cumplimiento de normas de protección de datos sanitarios,,,
