handleId,fieldType,name,description,productImageUrl,collection,sku,ribbon,price,surcharge,visible,discountMode,discountValue,inventory,weight,cost,productOptionName1,productOptionType1,productOptionDescription1,productOptionName2,productOptionType2,productOptionDescription2,productOptionName3,productOptionType3,productOptionDescription3,productOptionName4,productOptionType4,productOptionDescription4,productOptionName5,productOptionType5,productOptionDescription5,productOptionName6,productOptionType6,productOptionDescription6,additionalInfoTitle1,additionalInfoDescription1,additionalInfoTitle2,additionalInfoDescription2,additionalInfoTitle3,additionalInfoDescription3,additionalInfoTitle4,additionalInfoDescription4,additionalInfoTitle5,additionalInfoDescription5,additionalInfoTitle6,additionalInfoDescription6,customTextField1,customTextCharLimit1,customTextMandatory1,customTextField2,customTextCharLimit2,customTextMandatory2,brand
product_67df5b82-2af0-4869-bc9f-85a31a24b49f,Product,Gravity Rocket Clitoral Air Suction Vibrator,"<p><strong>Gravity Rocket Clitoral Air Suction Vibrator from Our Erotic Journey.</strong><br></p><p><strong>As Featured in AltStar Magazine!</strong></p><p>Take a pleasure cruise aboard this&nbsp;<strong>reversible rocket</strong> and travel to worlds light-years beyond what you knew before. Enjoy the sensation of its pulsating engines as you probe deeper into the depths of space, or relax as it <strong>sucks</strong> you into its gravitational pull.</p><p>Now go Phuck yourself!<span><span style=""font-size: 13px; color: #000000; font-weight: normal; text-decoration: none; font-family: 'Arial'; font-style: normal; text-decoration-skip-ink: none;""></span></span></p><ul><li><strong>Material: </strong>Medical Grade Silicone + ABS</li><li><strong>Waterproof Rating: </strong>IPX4</li><li><strong>Functions:</strong> 7 Suction Modes, 7 Massage Modes</li><li><strong>Size:</strong> 5.39"" x 1.61"" x 1.61""<br></li></ul>",ea4911_0605b1ea9cf54c65968c1c9ce68208b7~mv2.jpg;ea4911_db02d28d8a4f4dd7b021f5e2d644d3ff~mv2.jpg;ea4911_a3996a5b1f5d43089566525e5a2c3e08~mv2.jpg;ea4911_121c5bcd3e9747d1ad20a3c3bab1fd45~mv2.jpg;ea4911_6a514f72a5e34c58afd073f58e398cf8~mv2.jpg;ea4911_1bb10dd260e14fecb48374ba0a7a0d72~mv2.jpg,,gravity-rocket76936632,,1049.0,,true,PERCENT,0.0,694,,885.77,,,,,,,,,,,,,,,,,,,,,,,,,,,,,,,,,,,,,
product_9e0d973d-6de7-4b38-84e6-d73b25b746c8,Product,Rose Sex Toy Stimulator Sucking Vibrators for Women's Vibrators G Spot,<p>Discover new sensations with this innovative intimate stimulator. Its unique design combines dual functions for targeted pleasure.</p><p>Features:<br>• Ergonomic shape for precise stimulation<br>• Dual-action technology for enhanced enjoyment<br>• Crafted from body-safe materials for comfort</p><p>This discreet device offers a range of intensities to suit your preferences. Explore and elevate your personal experiences with this thoughtfully designed product.</p>,ea4911_10fa9deec58247d1b0019900999713c5~mv2.jpg;ea4911_4953e1008e444e26a63b1de2329ca931~mv2.jpg;ea4911_f03608fb11c64b5ab09d7fd055ddc497~mv2.jpg;ea4911_e5989b8b0f814ccbb3f42a9d70714892~mv2.jpg;ea4911_a951a543335447778c46d35134fb4523~mv2.jpg;ea4911_25d1e1d7335141a28ac4c98e35c5aafd~mv2.jpg;ea4911_627430536a7745b68e701aa1189bb482~mv2.jpg,,rose-sex-toy-stimulator-suckin764833400,,499.0,,true,PERCENT,0.0,1,,326.27,,,,,,,,,,,,,,,,,,,,,,,,,,,,,,,,,,,,,
product_c309e607-4311-4ba5-9c51-962823688839,Product,Doll Face Sex Doll,"<p>Blow me up, Toss me around, Take me out on the Town. I'm the Perfect Date.. I don't cost much.. I don't eat.. I don't talk, and I""ll entertain all your friends.</p>",ea4911_f7e577dbcba241c9992a2bfaf9227292~mv2.jpg,,doll-face-sex-doll1037888372,,989.66,,true,PERCENT,0.0,12,,759.56,,,,,,,,,,,,,,,,,,,,,,,,,,,,,,,,,,,,,
product_19a22786-c611-4eca-9893-7507e6bb5bef,Product,Boy Toy Sex Doll,"<p>Blow me up, Toss me around, Take me out on the Town. I'm the Perfect Date.. I don't cost much.. I don't eat.. I don't talk, and I""ll entertain all your friends.</p>",ea4911_95c4ff81da894df8bfa9c1ebedb11fdc~mv2.jpg,,boy-toy-sex-doll141523608,,979.99,,true,PERCENT,0.0,1,,759.56,,,,,,,,,,,,,,,,,,,,,,,,,,,,,,,,,,,,,
product_7f09bb07-dc27-482f-b946-c24056307940,Product,Ultimate Enforcer Forced Orgasm Tower with Sex Machine [Contact Us to,"<p>Have your submissive partner stand and take it or lock yourself in for a seriously unique and intense pounding! This Ultimate Enforcer Orgasm Tower comes with a removable sex machine and provides the full package for dungeon torment and pleasure! This full set includes 1 tower, 1 sex machine, 2 premium silicone dildos, 1 collar, 2 wrist cuffs, 2 ankle cuffs, 5 carabiners, 1 fixed base with dildo adapter, 1 adjustable base with dildo adapter, 1 D-ring adapter. Made out of sturdy, strong, steel, the tower is easy to put together and has adjustable height and width! Adjust the width of the ankle or wrist bars, the height of the collar, and the height of the sex machine so you can enjoy custom sizing for anyone who is locked up! On the tower are 5 D-ring attachment points. Use the wrist cuffs on either side of the wrist bar to keep their hands and arms from moving. Use the ankle cuffs provided to spread their legs no matter how hard they get pounded. Attach their collar to the center attachment point to keep them from moving their head and neck. Once they're all strapped in, enjoy the powerful thrusting of the sex machine and tease and torment them as they're restrained!</p>",ea4911_5799dfe65e90414688bbf2ccedf5a580~mv2.jpg,,ultimate-enforcer-forced-orgas1101443471,,13999.0,,true,PERCENT,0.0,100,,11345.85,,,,,,,,,,,,,,,,,,,,,,,,,,,,,,,,,,,,,
product_3debe2a1-a2a1-4384-b885-cafbfd23b9d8,Product,Moby 2 Foot Tall Super Dildo - Light,"<p>This epic rod stands out in any crowd! Standing at 2 feet tall and weighing 26 lbs, it is a giant amongst dildos! The dense rubber dong stands up firm and proud to stand out. With realistic details that are crafted for your visual, and perhaps even physical, pleasure you can't go wrong with a dong this spectacular! Made out of firm yet flexible PVC, it's best if only used with silicone or water-based lubricants. Keep away from oil based lubricants and wash with warm water and mild soap after each use. Bend your knees when lifting or carrying.</p>",ea4911_ee8f77688af043da8c2dbf8d8a31ca99~mv2.jpg,,moby-2-foot-tall-super-dildo-l1033069946,,6599.0,,true,PERCENT,0.0,100,,5712.44,,,,,,,,,,,,,,,,,,,,,,,,,,,,,,,,,,,,,
product_49e4e8c2-6e97-4c06-b17a-3776e9692802,Product,Sex Candy Display of 6,"<p>A whole new concept in confections, tasty candy, and a sexy foreplay game. Share a box of these delicious candies with your sweetheart by taking turns shaking out the candies and performing the sexy activities. Sex Candy is a sweet and sexy way to get the romance going. Sassy to play and sweet to eat. POP countertop display with glittering hot-pink foil stamp is attention-getting and holds six boxes of Sex Candy.</p>",ea4911_91eb6875af01481b90fb33d57ba8f343~mv2.jpg,,sex-candy-display-of-6442854667,,847.99,,true,PERCENT,0.0,7,,727.91,,,,,,,,,,,,,,,,,,,,,,,,,,,,,,,,,,,,,
product_e73237ee-f110-4e92-be97-844412bf3ffa,Product,Agrippina – Waterproof Rabbit Vibrator,"<p dir=""rtl"">A rabbit vibrator is the true paragon of women's pleasure, a testament to the beauty and blissful happiness that arises from fulfilling every aspect of sexual sensuality. Agrippina is guaranteed to provide to you sensations never before discovered, the gorgeous, luxurious, and waterproof rabbit vibrator synonymous with the epitome of self-love and the empowerment of lustful climax.<br>When the smooth, skin-like shaft of this elegantly crafted, eight-inch rabbit sex toy is held delicately in your hands, you now have the keys to unlocking the many doors that lead to realms of superlative orgasm. This incredible bunny vibrator caters to every versatility of women's pleasure, the culmination of internal vaginal stimulation in conjunction with sensational clitoral invigoration.<br>The medical-grade, body-safe silicone is the pinnacle of rabbit vibrator material.</p>",ea4911_ab2c9aee7235454bb1baefccc72b825a~mv2.png;ea4911_c5d70ad70a694ccc8052b67095eabdd3~mv2.jpg;ea4911_b1da08bac3c245eeb01a008607f4e4e6~mv2.png;ea4911_55273e0e88c546b6a75fd771d72683fa~mv2.png;ea4911_7e447566d91c4039919c8a6ed05695d3~mv2.jpg;ea4911_ddf6b520eec1469aac95200a1e80c37e~mv2.jpg,,agrippina-–-waterproof-rabbit-323671898,,1899.88,,true,PERCENT,0.0,99,,1655.88,,,,,,,,,,,,,,,,,,,,,,,,,,,,,,,,,,,,,
product_ef6506c7-0f50-45ae-87ed-4f9429bb75db,Product,Milf Candle Paint Can (Hand Poured 16 oz.),"<p>This paint can candle flicker for approximately 70+ hours as your favorite fragrance wafts through the air!  Wax quality, burn time, and scent are equally impressive and make it perfect for gifting.  <br><br>Color: Natural Off-White (No Dyes)<br>Material: Coconut Soy Blended Wax.<br>Label: Matte Finish<br>Size: 16 oz.; 3.375"" (W or Diameter) x 3.87"" (H with lid), 10.5"" (Circumference) <br>Burn Time: Approx 70 Hours<br>Available Fragrances: Cashmere Vanilla, Dark Rose, Espresso, Hashish Bud + Black Tea, Saffron + Tobacco, Wildflowers<br>Hand-Poured in the USA<br><br>The Coconut Soy wax is clean-burning, biodegradable, and natural. A vegan blend of natural apricot, coconut, soy, and a minuscule amount of highly refined food-grade paraffin wax. The wax is toxin-free, paraben-free, phthalate-free, and comes from renewable sources. The wood wick is eco-friendly and made from FSC Certified Wood, hand-crafted +, and made in the USA.</p>",ea4911_845dcc61a26f4da9b9f9188344d7d6dd~mv2.jpg,,,,516.35,,true,PERCENT,0.0,0,,,Scent,DROP_DOWN,Wildflowers;Dark Rose;Espresso;Hashish Bud + Black Tea;Prosecco + Pink Raspberries;Saffron + Tobacco;Marine Salt Air;Campfire Marshmallow;Mint Mojito;Cashmere Vanilla,,,,,,,,,,,,,,,,,,,,,,,,,,,,,,,,,,
product_ef6506c7-0f50-45ae-87ed-4f9429bb75db,Variant,,,,,milf-candle-paint-can-hand-pou725592596,,,151.0,true,,,0,,,,,Cashmere Vanilla,,,,,,,,,,,,,,,,,,,,,,,,,,,,,,,,,,
product_ef6506c7-0f50-45ae-87ed-4f9429bb75db,Variant,,,,,milf-candle-paint-can-hand-pou725592596,,,151.0,true,,,999,,,,,Saffron + Tobacco,,,,,,,,,,,,,,,,,,,,,,,,,,,,,,,,,,
product_ef6506c7-0f50-45ae-87ed-4f9429bb75db,Variant,,,,,milf-candle-paint-can-hand-pou725592596,,,151.0,true,,,999,,,,,Mint Mojito,,,,,,,,,,,,,,,,,,,,,,,,,,,,,,,,,,
product_ef6506c7-0f50-45ae-87ed-4f9429bb75db,Variant,,,,,milf-candle-paint-can-hand-pou725592596,,,151.0,true,,,999,,,,,Dark Rose,,,,,,,,,,,,,,,,,,,,,,,,,,,,,,,,,,
product_ef6506c7-0f50-45ae-87ed-4f9429bb75db,Variant,,,,,milf-candle-paint-can-hand-pou725592596,,,151.0,true,,,999,,,,,Marine Salt Air,,,,,,,,,,,,,,,,,,,,,,,,,,,,,,,,,,
product_ef6506c7-0f50-45ae-87ed-4f9429bb75db,Variant,,,,,milf-candle-paint-can-hand-pou725592596,,,151.0,true,,,999,,,,,Hashish Bud + Black Tea,,,,,,,,,,,,,,,,,,,,,,,,,,,,,,,,,,
product_ef6506c7-0f50-45ae-87ed-4f9429bb75db,Variant,,,,,milf-candle-paint-can-hand-pou725592596,,,151.0,true,,,999,,,,,Espresso,,,,,,,,,,,,,,,,,,,,,,,,,,,,,,,,,,
product_ef6506c7-0f50-45ae-87ed-4f9429bb75db,Variant,,,,,milf-candle-paint-can-hand-pou725592596,,,151.0,true,,,999,,,,,Prosecco + Pink Raspberries,,,,,,,,,,,,,,,,,,,,,,,,,,,,,,,,,,
product_ef6506c7-0f50-45ae-87ed-4f9429bb75db,Variant,,,,,milf-candle-paint-can-hand-pou725592596,,,151.0,true,,,999,,,,,Campfire Marshmallow,,,,,,,,,,,,,,,,,,,,,,,,,,,,,,,,,,
product_ef6506c7-0f50-45ae-87ed-4f9429bb75db,Variant,,,,,milf-candle-paint-can-hand-pou725592596,,,151.0,true,,,999,,,,,Wildflowers,,,,,,,,,,,,,,,,,,,,,,,,,,,,,,,,,,
product_fb761070-e4b2-4f35-ab5e-2e3f3a044bdd,Product,Titan Kegel Balls,"<p>Spice up your sexual workouts with these ""Titan Kegel Balls!""</p><p>These luxurious kegel balls are 1.5"" round and weigh 3.5 oz. Made of silky soft pink silicone that helps tone up your pelvic muscles while providing sensation at the same time – perfect for a night of kinky S&amp;M play. The ""Titan Kegal Balls"" are a breeze to clean with warm water and antibacterial soap. Only use with water based lube.<strong></strong></p><div><div><div><div><div><ul><li><span style=""font-weight: 400;""><strong>Material:</strong> Silicone </span></li><li><span style=""font-weight: 400;""><strong>Size:</strong> <span>7.87 x 1.50""</span></span></li></ul></div></div></div></div></div><ol></ol>",ea4911_e223fd7d809c422dbe553abb4de10c13~mv2.jpg;ea4911_f1c87cd8c0ed4f9d9b09281617d5a296~mv2.jpg;ea4911_6fbffc8119584dbb8b356041cd97d634~mv2.jpg;ea4911_cedfb628ee6e44219b197a8b6df9e6a9~mv2.jpg,,titan-kegel-balls563667864,,429.0,,true,PERCENT,0.0,599,,337.2,,,,,,,,,,,,,,,,,,,,,,,,,,,,,,,,,,,,,
product_a9af176e-316e-43d3-9301-701f109e0ca9,Product,My Secret Erotica-Red,"<p>0Este producto es un vibrador doble ergonómico diseñado para la estimulación simultánea del punto G y el clítoris, ofreciendo una experiencia intensa y personalizada</p>",ea4911_eacb4d0938a7453a8b1eb668f01c996a~mv2.jpg,,my-secret-erotica-red1040808977,,1129.8,,true,PERCENT,0.0,1,,917.8,,,,,,,,,,,,,,,,,,,caracteristicas,"<ul>
	<li>
	<p>Forma anatómica para fácil inserción y máximo placer.ea4911_eacb4d0938a7453a8b1eb668f01c996a-mv2.jpg</p>
	</li>
	<li>
	<p>10 funciones de vibración potentes para variedad de sensaciones.ea4911_eacb4d0938a7453a8b1eb668f01c996a-mv2.jpg</p>
	</li>
	<li>
	<p>Fabricado en silicona suave y segura para el cuerpo.ea4911_eacb4d0938a7453a8b1eb668f01c996a-mv2.jpg</p>
	</li>
	<li>
	<p>Recargable y resistente al agua, perfecto para usar en la&nbsp; ducha</p>
	</li>
</ul>
",,,,,,,,,,,,,,,,,
product_8b29e126-5c37-4c2a-aa19-ffbd78f7d752,Product,Anal Tease Silicone Cock Ring & Plug,"<p><strong>Anal Tease Silicone Cock Ring &amp; Plug</strong></p><p>Explore the world of anal stimulation with the&nbsp;<strong>Anal Tease</strong> Silicone cock ring. This unique cock ring is designed to strengthen and prolong your erection while teasing your backdoor for double the pleasure.</p><p>Designed with an ergonomic shape that makes insertion easy and pleasurable, the&nbsp;<strong>Anal Tease</strong> is <strong>waterproof</strong> and made of <strong>medical-grade silicone</strong>. Simply add on your favorite water-based lube and enjoy a safe, worry-free, super intense climax with your partner.</p><p>It's a breeze to clean with warm water and antibacterial soap.<br></p><ul><li><strong>Material</strong>: Medical-Grade Silicone</li><li><strong>Size:</strong> 4.7""x1.97""</li></ul>",ea4911_25308cbee6e5413e8e49e50b3b6d7901~mv2.jpg;ea4911_ba99a24c59624f74bae412062bf35c2a~mv2.jpg;ea4911_f89ba52956ab4e43b76c6a54f625f0cb~mv2.jpg;ea4911_d37425824f1544cbbfbf461c54558ae0~mv2.jpg;ea4911_477a47d4b38d4384b06a9a3c192cc20c~mv2.jpg;ea4911_fd9445d3033a4be0a17415f10a72f297~mv2.jpg;ea4911_f54a0c25adf84cbda5ca5eac06d9bfff~mv2.jpg;ea4911_d0b7772029654e62a5a76fcece01a80e~mv2.jpg,,anal-tease-silicone-cock-ring-729689998,,457.2,,true,PERCENT,0.0,100,,337.2,,,,,,,,,,,,,,,,,,,,,,,,,,,,,,,,,,,,,
product_2b843c7c-f96d-46b4-99c7-edc1d0dd13b0,Product,Bondage Massage Bed [Contact Us to Order],"<p>Take erotic restraint to the next level with this Extreme Bondage Table! With a comfortable face hole and fully exposed crotch hole, this smooth and padded table is built to create opportunities for pleasure and play. The wrist and ankle cuffs that are included are perfect companion items to the table and attach easily to any of the 20 D-Rings so you can restrain your partner as you please them to the brink of ecstasy! Built durable and meant to last, feel free to play a little rougher on this table. The provocative design will excite your lover and give them wild ideas about what the night will bring. Fit the wrist and ankle cuffs on their legs and arms so they feel snug and comfortable, then attach them to the D-Rings to keep them in place. Enjoy them squirming and writhing in pleasure as you play with their fantasies and desires.</p>",ea4911_d394a4098c8c420ab1b87d222a4e883e~mv2.jpg,,bondage-massage-bed-drop-ship-1363889252,,11874.86,,true,PERCENT,0.0,100,,10147.86,,,,,,,,,,,,,,,,,,,,,,,,,,,,,,,,,,,,,
product_d08220b7-84c6-4d12-96ae-5d7743c9c41c,Product,Smells Like We're Going To Have Sex,"<p><span>Light this candle up and let it speak for itself</span></p><p><b><span></span></b><strong>Scent notes:</strong></p><p><span>Peach, Vanilla</span></p><p><span>9oz</span></p>",ea4911_03a1fa4dbca24a89afd1abd9734f34d0~mv2.png;ea4911_4601949b57ad4e6e975a08d7d563b354~mv2.png,,smells-like-were-going-to-have795686995,,489.0,,true,PERCENT,0.0,100,,370.57,,,,,,,,,,,,,,,,,,,,,,,,,,,,,,,,,,,,,
product_bf10ad55-453b-49bd-bcc1-58473e4f0957,Product,Sensual Edible Massage Oil - Mint Zip,"<p><strong>YOU HAVE</strong><br><span>Libido busting stress, tension and sore muscles that need to be soothed and released.</span><br><strong>STRESS | TENSE MUSCLES | LOW LIBIDO</strong><span></span><br><span>_____________________________________________________</span><br><strong>YOU WANT</strong><br><span>A natural, easy to use, moisturizing massage oil that tastes and smells as good as it feels, leaving you relaxed, sensual and satisfied.</span><br><strong>NON-TOXIC | DE-STRESSED &amp; LESS TENSION | EDIBLE &amp; FUN</strong><span></span><br><span>4 oz / 120 ml</span></p>",ea4911_e4e0c2bdc291475bb5300ce8f3fc9117~mv2.jpg;ea4911_2dc9060151024a2bb8958003673cf86f~mv2.jpg;ea4911_fe48e70eb0be4b57aa7393c3383baabd~mv2.jpg;ea4911_371c968cba914ed2b3f33e0c98d78c1e~mv2.jpg,,sensual-edible-massage-oil-min1400612317,,619.91,,true,PERCENT,0.0,0,,516.91,,,,,,,,,,,,,,,,,,,,,,,,,,,,,,,,,,,,,
product_1400290b-0f76-48a6-8133-d99e4a0f4f0d,Product,Level Up Anal Trainers 3 Piece Silicone Anchor Set,"<p><strong>Explore your wildest backdoor desires with our Level Up Anal Trainers.</strong><br></p><p>This set comes in <strong>3 graduated sizes</strong>, each made for different levels of orgasmic intensity. Start off small and indulge in light teasing and train your way up to open up endless sexual possibilities.&nbsp;<br></p><p>Made of firm yet <strong>flexible medical grade silicone</strong>, each plug comes with a gently tapered tip for seamless entry and <strong>anchored flared</strong> base for easy removal. They're easy to clean with warm water and antibacterial soap. Ideal for long interval usage.<br></p><div><div><div><div><div><ul><li><span style=""font-weight: 400;""><strong>Material: </strong>Medical Grade&nbsp;</span><span style=""font-weight: 400;"">Silicone&nbsp;</span></li><li><span style=""font-weight: 400;""><strong>Small:</strong>&nbsp;<span>3.3"" x 0.83"" Base: 1.97""</span></span></li><li><span style=""font-weight: 400;""><strong>Medium:</strong>&nbsp;<span>3.9"" x 0.98"" Base: 2.28""</span></span></li><li><span style=""font-weight: 400;""><strong>Large:</strong>&nbsp;<span>4.92"" x 1.26"" Base: 2.99""</span></span></li></ul></div></div></div></div></div>",ea4911_2e434258577b4047b3f15a07538e25c6~mv2.jpg;ea4911_ccc8c0a4968e429c8f0baa351dc49a99~mv2.jpg;ea4911_40d4f1f9b90546ca9cf52187c91f3974~mv2.jpg;ea4911_a11a5ebc897f4820b3a6f00fe1341efa~mv2.jpg,,level-up-anal-trainers-set1113128786,,599.0,,true,PERCENT,0.0,995,,505.99,,,,,,,,,,,,,,,,,,,,,,,,,,,,,,,,,,,,,
